date,target,category,asset_or_pitch,status,owner,next_follow_up,result,live_url
2026-06-02,Payments Dive Opinion,Editorial,"Opinion pitch: Payment Infrastructure Is Becoming a Product Discipline",drafted,Rizwan,2026-06-05,,
2026-06-02,Finextra Expert Opinions,Editorial,"Expert opinion: AI In Payments Should Start In Operations",drafted,Rizwan,2026-06-05,,
2026-06-02,ProdPad Contributor Program,Editorial,"Practitioner post: Risk-Adjusted Roadmaps For Payments PMs",drafted,Rizwan,2026-06-05,,
2026-06-02,The Payments Shed,Podcast,"Guest pitch: Scaling Payment Infrastructure Across Complex Markets",drafted,Rizwan,2026-06-05,,
2026-06-02,11FS Fintech Insider,Podcast,"Guest pitch: What It Takes To Build Fintech In The Middle East",drafted,Rizwan,2026-06-05,,
2026-06-02,Qwoted,Expert source,"Create expert profile",not_started,Rizwan,2026-06-04,,
2026-06-02,Featured,Expert source,"Create expert profile",not_started,Rizwan,2026-06-04,,
2026-06-02,SourceBottle,Expert source,"Create expert profile",not_started,Rizwan,2026-06-04,,

