priority,category,target,domain,url,angle,status,next_action,primary_link,notes
P0,Editorial,Payments Dive Opinion,paymentsdive.com,https://www.paymentsdive.com/opinion/,"Opinion on payment modernization, settlement, cross-border or AI in payment operations",ready_to_pitch,"Submit one opinion pitch through form",https://rzifi.com/blog/product-management-for-payments-platforms/,"Editorial page openly invites opinion submissions."
P0,Editorial,Finextra Expert Opinions,finextra.com,https://www.finextra.com/latest-blogs,"Practitioner opinion on payments infrastructure, AI in fintech or ISO 20022",ready_to_pitch,"Create profile and submit expert opinion",https://rzifi.com/topics/swift-iso-20022/,"Strong fintech community and expert-opinion surface."
P0,Editorial,ProdPad Contributor Program,prodpad.com,https://www.prodpad.com/contribute/,"Product management in regulated fintech and payments",ready_to_pitch,"Pitch practitioner post",https://rzifi.com/blog/product-management-for-payments-platforms/,"Explicitly asks for practitioner-led product thinking."
P0,Podcast,The Payments Shed,thepaymentsshed.com,https://www.thepaymentsshed.com/,"Scaling payment infrastructure across complex markets",ready_to_pitch,"Submit collaboration/podcast inquiry",https://rzifi.com/product-work/simpaisa-payment-infrastructure/,"Payments-focused podcast with collaboration form."
P0,Podcast,11FS Fintech Insider,11fs.com,https://www.11fs.com/insights/fintech-insider,"MENA fintech infrastructure, stablecoins, payments ops or AI in finance",ready_to_pitch,"Pitch as news/insights guest via LinkedIn/media contact",https://rzifi.com/product-work/cross-border-corridors-fx/,"High-authority fintech podcast."
P0,Podcast,PaymentsJournal Podcast,paymentsjournal.com,https://www.paymentsjournal.com/podcast-2/,"Settlement, reconciliation, real-time payments and stablecoin payment infrastructure",ready_to_pitch,"Pitch expert guest angle",https://rzifi.com/product-work/settlement-reconciliation/,"Payments publication with podcast surface."
P0,Expert source,Qwoted,qwoted.com,https://www.qwoted.com/,"Expert profile for payments, fintech, AI and product leadership",ready_to_create,"Create source profile and monitor requests",https://rzifi.com/,"Journalist-source platform; use authority kit."
P0,Expert source,Featured,featured.com,https://featured.com/expert-questions,"Expert answers for fintech, product, AI and payments roundups",ready_to_create,"Create expert profile and answer 3 requests weekly",https://rzifi.com/,"Useful for quote-based mentions."
P0,Expert source,SourceBottle,sourcebottle.com,https://www.sourcebottle.com/,"Expert profile and media-source monitoring",ready_to_create,"Create expert profile",https://rzifi.com/,"Good for source requests; avoid generic answers."
P1,Editorial,The Fintech Times,thefintechtimes.com,https://thefintechtimes.com/about/,"Expert commentary on paytech, AI, cross-border payments and MENA fintech",draft_pitch,"Pitch op-ed or interview",https://rzifi.com/product-work/cross-border-corridors-fx/,"Use editor contact only with high-quality idea."
P1,Podcast,Banking Transformed,evergreenpodcasts.com,https://podcasts.apple.com/us/podcast/banking-transformed-with-jim-marous/id1467807410,"Digital transformation, AI in banking and fintech operating models",draft_pitch,"Pitch guest angle to show/team",https://rzifi.com/blog/ai-in-payments-four-production-use-cases/,"Good fit for senior banking transformation angle."
P1,Association,The Payments Association,thepaymentsassociation.org,https://thepaymentsassociation.org/webinars/,"Webinar/panel on cross-border payments, AI, AML/CFT or fintech infrastructure",draft_pitch,"Apply for webinar/speaker opportunity",https://rzifi.com/product-work/fraud-risk-aml-cft/,"Association events can produce strong entity signal."
P1,Editorial,Fintech Insights,fintechinsights.net,https://fintechinsights.net/write-for-us/,"Guest article on fintech infrastructure or AI in regulated payments",vet_quality,"Check editorial quality before submitting",https://rzifi.com/blog/ai-in-payments-four-production-use-cases/,"Lower priority than tier-1 editorial."
P1,Editorial,Ecommerce Fastlane,ecommercefastlane.com,https://ecommercefastlane.com/write-for-us-fintech/,"Fintech/ecommerce payment operations and checkout conversion",vet_quality,"Review editorial standards before pitching",https://rzifi.com/product-work/daraz-payment-operations/,"Fit if angle is ecommerce payment conversion."
P1,Editorial,BusinessFirms Fintech,businessfirms.co,https://businessfirms.co/write-for-us-fintech,"Fintech infrastructure guest article",vet_quality,"Assess quality and backlink policy",https://rzifi.com/product-work/simpaisa-payment-infrastructure/,"Use only if editorial quality is acceptable."
P2,Profile,LinkedIn,linkedin.com,https://www.linkedin.com/in/rizwanzaffar,"Entity consistency and featured links",needs_update,"Update headline/about/featured links",https://rzifi.com/,"Use exact positioning from authority kit."
P2,Profile,GitHub,github.com,https://github.com/RizwanZafaris,"Entity consistency and portfolio link",needs_update,"Add rzifi.com and pinned repos",https://rzifi.com/,"Important for AI/entity confidence."
P2,Profile,Crunchbase,crunchbase.com,https://www.crunchbase.com/,"Executive/person profile if eligible",needs_account,"Create or claim person profile",https://rzifi.com/,"Use only if it can be accurate and maintained."
P2,Profile,Wellfound,wellfound.com,https://wellfound.com/,"Startup/operator profile",needs_account,"Create profile with website link",https://rzifi.com/resume/,"Useful for startup/recruiter discovery."
P2,Profile,Product Hunt,producthunt.com,https://www.producthunt.com/,"Maker profile for future jobhunt/product launches",needs_account,"Create/clean maker profile",https://rzifi.com/,"Best if tied to real product launch."
P2,Knowledge graph,Wikidata,wikidata.org,https://www.wikidata.org/,"Structured entity profile if notability and reliable sources are sufficient",blocked_until_sources,"Do not create until independent sources exist",https://rzifi.com/,"Avoid self-created weak entity without citations."
P2,Conference,Seamless Middle East,seamless-expo.com,https://www.seamless-expo.com/,"Speaker slot on payment infrastructure, digital commerce, fintech",research,"Check speaker submission window",https://rzifi.com/product-work/,"Regional fit."
P2,Conference,Dubai FinTech Summit,dubaifintechsummit.com,https://dubaifintechsummit.com/,"Speaker/panel on MENA fintech infrastructure",research,"Check next call for speakers",https://rzifi.com/for/,"High regional authority."
P2,Conference,Money20/20 Middle East,money2020.com,https://www.money2020.com/,"Speaker/panel on payments infrastructure and AI",research,"Check speaker application",https://rzifi.com/product-work/cross-border-corridors-fx/,"High authority but competitive."
P2,Community,This Week in Fintech,thisweekinfintech.com,https://www.thisweekinfintech.com/,"Newsletter/community contribution on MENA payments",research,"Find contributor/editorial path",https://rzifi.com/blog/ai-in-payments-four-production-use-cases/,"Good fintech audience."

